Unnamed: 0,Unnamed: 1,Unnamed: 2,Unnamed: 3,Unnamed: 4,Unnamed: 5,Unnamed: 6,Unnamed: 7,Unnamed: 8,Unnamed: 9,Unnamed: 10,Unnamed: 11,Unnamed: 12,Unnamed: 13,Unnamed: 14,Unnamed: 15,Unnamed: 16,Unnamed: 17,Unnamed: 18,Unnamed: 19,Unnamed: 20,Unnamed: 21,Unnamed: 22,Unnamed: 23,Unnamed: 24,Unnamed: 25,Unnamed: 26,Unnamed: 27,Unnamed: 28,Unnamed: 29,Unnamed: 30,Unnamed: 31
,,,,,,,,,,,,,,,,,,,,,,,,,,,,,,,
,,,,,,,,,,,,,,,,,,,,,,,,,,,,,,,
,,,,,,,,,,,,,,,,,,,,,,,,,,,,,,,
,,,,,,,,,,,,,,,,,,,,,,,,,,,,,,,
Estadísticas vitales de nacimientos y defunciones ,,,,,,,,,,,,,,,,,,,,,,,,,,,,,,,
CUADRO 5,,,,,,,,,,,,,,,,,,,,,,,,,,,,,,,
"Defunciones por grupos de edad y sexo, según departamento, municipio de residencia y grupos de causas de defunción (lista de causas agrupadas 6/67 CIE-10 de OPS)",,,,,,,,,,,,,,,,,,,,,,,,,,,,,,,
Año 2017,,,,,,,,,,,,,,,,,,,,,,,,,,,,,,,
,,,,,,,,,,,,,,,,,,,,,,,,,,,,,,,
Volver al índice,,,,,,,,,,,,,,,,,,,,,,,,,,,,,,,
GRUPOS DE CAUSAS DE DEFUNCIÓN (LISTA DE CAUSAS AGRUPADAS 6/67 CIE-10 DE OPS),TOTAL,Total,,,Menor 1 año,,,De 1-4 años,,,De 5-14 años,,,De 15-44 años,,,De 45-64 años,,,De 65-84 años,,,De 85-99 años,,,De 100 y más,,,Edad desconocida,,
,,Hombres,Mujeres,Indeterminado,Hombres,Mujeres,Indeterminado,Hombres,Mujeres,Indeterminado,Hombres,Mujeres,Indeterminado,Hombres,Mujeres,Indeterminado,Hombres,Mujeres,Indeterminado,Hombres,Mujeres,Indeterminado,Hombres,Mujeres,Indeterminado,Hombres,Mujeres,Indeterminado,Hombres,Mujeres,Indeterminado
TOTAL NACIONAL,227624,125450,102119,55,3986,3050,8,871,633,0,1144,824,1,22581,8134,13,25282,18014,11,49691,42579,7,21339,27880,3,541,1000,6,15,5,6
101 ENFERMEDADES INFECCIOSAS INTESTINALES,693,321,372,0,48,37,0,23,21,0,9,4,0,26,11,0,40,45,0,103,149,0,71,102,0,1,3,0,0,0,0
"102 TUBERCULOSIS, INCLUSIVE SECUELAS",1022,746,276,0,1,1,0,5,2,0,5,2,0,151,56,0,214,62,0,307,123,0,63,30,0,0,0,0,0,0,0
103 CIERTAS ENF. TRANSMITIDAS POR VECTORES Y RABIA,295,178,117,0,3,0,0,3,2,0,9,3,0,25,14,0,67,28,0,59,59,0,12,11,0,0,0,0,0,0,0
104 CIERTAS ENF. PREVENIBLES POR VACUNA,39,30,9,0,4,3,0,1,0,0,1,0,0,4,2,0,15,3,0,5,0,0,0,1,0,0,0,0,0,0,0
105 MENINGITIS,270,162,108,0,18,21,0,12,7,0,11,11,0,45,19,0,39,27,0,32,18,0,5,5,0,0,0,0,0,0,0
106 SEPTICEMIA,972,506,466,0,32,24,0,14,8,0,15,8,0,45,30,0,100,73,0,206,192,0,92,127,0,2,4,0,0,0,0
107 INFECC. CON MODO DE TRANSM. PREDOM./. SEXUAL,28,20,8,0,7,4,0,0,0,0,0,0,0,2,0,0,3,2,0,8,1,0,0,1,0,0,0,0,0,0,0
108 ENFERMEDAD POR EL VIH/SIDA,2515,1972,543,0,5,2,0,0,0,0,5,0,0,1088,342,0,704,169,0,162,30,0,8,0,0,0,0,0,0,0,0
109 INFECCIONES RESPIRATORIAS AGUDAS,9526,4725,4801,0,227,216,0,93,80,0,36,35,0,370,210,0,719,504,0,1884,1802,0,1346,1877,0,50,77,0,0,0,0
110 OTRASENF. INFECCIOSAS Y PARASITARIAS,542,318,224,0,13,11,0,8,8,0,7,5,0,75,29,0,74,46,0,110,103,0,30,22,0,1,0,0,0,0,0
201 TUMOR MALIGNO DEL ESTOMAGO,5201,3202,1999,0,0,0,0,0,0,0,3,0,0,228,198,0,1092,629,0,1618,907,0,259,261,0,2,4,0,0,0,0
202 TUMOR MALIGNO DEL COLON,2925,1312,1613,0,0,0,0,0,0,0,0,0,0,101,117,0,403,477,0,655,777,0,149,238,0,4,4,0,0,0,0
"203 TUMOR M. ORG.DIGESTIVOS Y PERITONEO, EXCL.ESTOM.Y COLON",2117,1179,938,0,0,0,0,1,1,0,0,1,0,72,61,0,357,308,0,624,449,0,125,118,0,0,0,0,0,0,0
204 TUMOR MALIGNO HIGADO Y VIAS BILIARES,2884,1270,1614,0,0,0,0,2,1,0,3,3,0,36,37,0,363,438,0,725,934,0,140,199,0,1,2,0,0,0,0
205 TUMOR MALIGNO DEL PANCREAS,1887,939,948,0,0,0,0,0,0,0,0,1,0,32,28,0,316,265,0,513,525,0,77,128,0,1,1,0,0,0,0
"206 T. M. DE TRAQUEA, BRONQUIOS Y PULMON",4797,2788,2009,0,0,0,0,0,0,0,1,2,0,52,49,0,718,550,0,1714,1152,0,302,254,0,1,2,0,0,0,0
"207 TUMOR M.ORG. RESPIRAT. E INTRAT., EXCL.TRAQUEA, BRONQUIOS Y PULMON",657,505,152,0,0,2,0,0,0,0,2,0,0,29,15,0,151,42,0,264,79,0,59,14,0,0,0,0,0,0,0
208 TUMOR MALIGNO DE LA MAMA,3325,25,3300,0,0,0,0,0,0,0,0,1,0,2,403,0,2,1515,0,15,1127,0,6,245,0,0,9,0,0,0,0
209 T. MALIGNO DEL UTERO,2365,0,2365,0,0,0,0,0,0,0,0,0,0,0,396,0,0,962,0,0,839,0,0,166,0,0,2,0,0,0,0
210 T. MALIGNO DE LA PROSTATA,3065,3065,0,0,0,0,0,0,0,0,0,0,0,7,0,0,318,0,0,1951,0,0,774,0,0,15,0,0,0,0,0
211 T. MALIGNO OTROS ORGANOS GENITOURINARIOS,2720,1018,1702,0,0,0,0,6,3,0,5,9,0,169,151,0,251,668,0,468,694,0,118,177,0,1,0,0,0,0,0
"212 T. MALIGNO TEJIDO LINFATICO, ORG. HEMATOPOY. Y TEJIDOS AFINES",4237,2349,1888,0,1,1,0,56,29,0,125,74,0,445,319,0,647,524,0,936,774,0,138,166,0,1,1,0,0,0,0
213 RESIDUO DE TUMORES MALIGNOS,6430,3266,3164,0,2,2,0,29,17,0,77,44,0,391,326,0,1029,924,0,1398,1387,0,334,459,0,6,5,0,0,0,0
"214 CARCINOMA IN-SITU, T. BENIGNOS Y DE COMPORTAM.INCIERTO O DESCON.",3375,1675,1700,0,4,5,0,11,11,0,23,23,0,167,136,0,412,468,0,835,793,0,223,260,0,0,4,0,0,0,0
301 FIEBRE REUMATICA AGUDA Y ENF. CARDIACAS REUM. CRONICAS,33,14,19,0,0,0,0,0,0,0,0,0,0,2,10,0,6,3,0,4,4,0,2,2,0,0,0,0,0,0,0
302 ENFERMEDADES HIPERTENSIVAS,8841,4250,4591,0,1,0,0,0,3,0,0,3,0,87,55,0,581,428,0,2156,1964,0,1388,2054,0,37,84,0,0,0,0
303 ENFERMEDADES ISQUEMICAS DEL CORAZON,38618,21012,17606,0,0,1,0,0,0,0,0,0,0,573,232,0,4283,2081,0,10802,8209,0,5197,6744,0,156,339,0,1,0,0
"304 ENF. CARDIOPULMONAR, DE LA CIRC. PULM. Y OTRAS ENF. CORAZON",5116,2631,2485,0,16,28,0,19,15,0,20,12,0,220,182,0,583,421,0,1287,1123,0,481,685,0,5,19,0,0,0,0
306 INSUFICIENCIA CARDIACA,2080,1038,1042,0,5,2,0,4,1,0,4,3,0,29,21,0,147,120,0,525,464,0,312,414,0,12,17,0,0,0,0
307 ENFERMEDADES CEREBROVASCULARES,15260,7134,8126,0,3,9,0,9,9,0,17,23,0,329,292,0,1357,1242,0,3780,3926,0,1621,2577,0,18,48,0,0,0,0
308 ATEROSCLEROSIS,59,26,33,0,0,0,0,0,0,0,0,0,0,0,0,0,5,4,0,19,14,0,2,14,0,0,1,0,0,0,0
309 RESTO ENF. DEL SISTEMA CIRCULATORIO,2467,1329,1138,0,1,1,0,1,2,0,1,1,0,86,41,0,257,188,0,731,588,0,248,301,0,4,16,0,0,0,0
401 FETO Y RECIEN NACIDO AFECTADOS POR CIERTAS AFECC. MATERNAS,139,73,66,0,73,66,0,0,0,0,0,0,0,0,0,0,0,0,0,0,0,0,0,0,0,0,0,0,0,0,0
402 FETO Y RECIEN N. AFECTADOS POR COMPL. OBST. Y TRAUM. NACIMIENTO,313,166,147,0,166,147,0,0,0,0,0,0,0,0,0,0,0,0,0,0,0,0,0,0,0,0,0,0,0,0,0
"403 RETARDO CRECIM.FETAL, DESNUTR. FETAL., BAJO P./ NACER, GEST.CORTA",240,143,97,0,143,97,0,0,0,0,0,0,0,0,0,0,0,0,0,0,0,0,0,0,0,0,0,0,0,0,0
404 TRAST. RESPIRATORIOS ESPECIFICOS DEL PERIODO PERINATAL,1479,850,625,4,819,601,4,8,6,0,7,8,0,14,8,0,2,2,0,0,0,0,0,0,0,0,0,0,0,0,0
405 SEPSIS BACTERIANA DEL RECIEN NACIDO,721,402,319,0,400,319,0,0,0,0,2,0,0,0,0,0,0,0,0,0,0,0,0,0,0,0,0,0,0,0,0
406 ENF. HEMOLITICA DEL FETO Y DEL RECIEN N. Y KERNICTERUS,28,17,11,0,13,10,0,1,0,0,2,0,0,1,1,0,0,0,0,0,0,0,0,0,0,0,0,0,0,0,0
407 OTRAS AFECC. ORIGINADAS EN PERIODO PERINATAL,849,510,338,1,500,335,1,7,3,0,1,0,0,1,0,0,1,0,0,0,0,0,0,0,0,0,0,0,0,0,0
"501 ACC. TRANSPORTE TERRESTRE, INCLUSIVE SECUELAS",7162,5841,1321,0,9,4,0,47,29,0,111,57,0,3383,663,0,1378,285,0,798,254,0,113,28,0,0,0,0,2,1,0
"502 OTROS ACC. TRANSPORTE Y LOS NO ESP., INCLUSIVE SECUELAS",62,44,18,0,0,0,0,0,2,0,1,1,0,23,9,0,16,2,0,4,4,0,0,0,0,0,0,0,0,0,0
503 CAIDAS,1255,887,368,0,4,2,0,9,5,0,8,10,0,158,27,0,281,43,0,307,141,0,119,134,0,1,6,0,0,0,0
504 ACC. CAUSADOS POR MAQUINAS Y POR INSTR. CORTANTES/PUNZANTES,36,34,2,0,0,0,0,0,1,0,0,0,0,21,0,0,10,0,0,3,1,0,0,0,0,0,0,0,0,0,0
505 ACC. CAUSADOS POR DISPARO DE ARMAS DE FUEGO,35,31,4,0,0,0,0,0,0,0,6,1,0,21,3,0,4,0,0,0,0,0,0,0,0,0,0,0,0,0,0
506 AHOGAMIENTO Y SUMERSION ACCIDENTALES,811,701,108,2,3,1,0,66,28,0,79,35,0,381,26,2,104,9,0,60,7,0,8,1,0,0,0,0,0,1,0
"507 EXPOSICION AL HUMO, FUEGO Y LLAMAS",124,82,42,0,1,0,0,3,4,0,10,7,0,34,11,0,18,4,0,13,11,0,3,5,0,0,0,0,0,0,0
"508 ENVENENAMIENTO. ACC. POR, Y EXPOSICION A SUSTANC.NOCIVAS",209,174,35,0,0,1,0,7,2,0,2,1,0,113,22,0,42,6,0,9,3,0,1,0,0,0,0,0,0,0,0
"509 COMPLICAC.DE LA ATENC. MEDICA Y QUIRURG., INCLUSIVE SECUELAS",318,149,168,1,1,4,0,4,2,0,3,2,0,27,27,0,33,27,0,53,67,0,27,39,0,1,0,1,0,0,0
"510 OTROS ACCIDENTES, INCLUSIVE SECUELAS",1824,1349,475,0,18,8,0,62,47,0,76,55,0,559,147,0,367,84,0,211,87,0,54,45,0,1,1,0,1,1,0
"511 LESIONES AUTOINFLIGIDAS INTENC.(SUICIDIOS), INCL. SECUELAS",2711,2204,507,0,0,0,0,0,0,0,67,43,0,1364,361,0,521,80,0,229,22,0,22,1,0,1,0,0,0,0,0
"512 AGRESIONES (HOMICIDIOS), INCLUSIVE SECUELAS",12093,11021,1068,4,16,6,1,20,11,0,71,41,0,8917,772,2,1695,180,0,281,53,0,14,4,0,0,0,0,7,1,1
"513 INTERVENCION LEGAL Y OPERAC. DE GUERRA, INCL. SECUELAS",17,16,1,0,0,0,0,0,0,0,0,0,0,16,1,0,0,0,0,0,0,0,0,0,0,0,0,0,0,0,0
"514 EVENTOS DE INTENCION NO DETERMINADA, INCL. SECUELAS",2011,1557,434,20,18,9,1,24,15,0,26,16,1,680,112,4,407,67,6,300,120,3,95,94,1,3,1,1,4,0,3
601 DIABETES MELLITUS,7500,3383,4117,0,0,0,0,1,2,0,4,4,0,119,131,0,907,854,0,1802,2145,0,540,961,0,10,20,0,0,0,0
602 DEFICIENCIAS NUTRICIONALES Y ANEMIAS NUTRICIONALES,1613,852,761,0,81,83,0,49,41,0,12,4,0,56,33,0,120,59,0,301,238,0,225,291,0,8,12,0,0,0,0
603 TRASTORNOS MENTALES Y DEL COMPORTAMIENTO,637,261,376,0,0,0,0,1,0,0,2,2,0,3,1,0,12,20,0,113,123,0,120,217,0,10,13,0,0,0,0
"604 ENF. SISTEMA NERVIOSO, EXCEPTO MENINGITIS",3614,1831,1783,0,41,29,0,58,34,0,86,110,0,424,275,0,371,255,0,568,602,0,278,470,0,5,7,0,0,1,0
605 ENF. CRONICAS VIAS REPIRATORIAS INFERIORES,14467,7163,7304,0,1,0,0,8,3,0,3,3,0,50,33,0,602,414,0,3763,3222,0,2662,3510,0,74,119,0,0,0,0
606 OTRAS ENF. DE LAS VIAS RESPIRATORIAS SUPERIORES,41,17,24,0,0,2,0,1,0,0,1,3,0,6,6,0,3,3,0,4,9,0,2,1,0,0,0,0,0,0,0
607 ENF. DEL PULMON DEBIDAS A AGENTES EXTERNOS,1723,956,767,0,3,5,0,3,1,0,3,0,0,36,9,0,112,50,0,461,307,0,330,375,0,8,20,0,0,0,0
608 OTRAS ENFERMEDADES RESPIRATORIAS,2131,1088,1043,0,21,22,0,12,10,0,6,7,0,69,45,0,182,153,0,532,413,0,260,378,0,6,15,0,0,0,0
"609 APENDICITIS, HERNIA CAVIDAD ABDOMINAL Y OBSTR. INTESTINAL",1583,778,805,0,11,7,0,3,6,0,15,9,0,64,52,0,145,95,0,384,396,0,153,239,0,3,1,0,0,0,0
610 CIERTAS ENF. CRONICAS DEL HIGADO Y CIRROSIS,2699,1644,1055,0,2,1,0,3,1,0,2,4,0,103,45,0,702,293,0,710,612,0,121,99,0,1,0,0,0,0,0
611 OTRAS ENF. SISTEMA DIGESTIVO,6598,3254,3344,0,33,26,0,12,14,0,14,13,0,198,169,0,635,515,0,1689,1643,0,659,938,0,14,26,0,0,0,0
612 ENFERMEDADES SISTEMA URINARIO,6579,3444,3135,0,21,10,0,14,8,0,13,9,0,148,153,0,542,474,0,1708,1400,0,967,1042,0,31,39,0,0,0,0
613 HIPERPLASIA DE LA PROSTATA,300,300,0,0,0,0,0,0,0,0,0,0,0,0,0,0,17,0,0,145,0,0,131,0,0,7,0,0,0,0,0
"614 EMBARAZO, PARTO Y PUERPERIO",485,0,485,0,0,0,0,0,0,0,0,3,0,0,480,0,0,2,0,0,0,0,0,0,0,0,0,0,0,0,0
"615 MALFORMACIONES CONGEN., DEFORMID.Y ANOMALIAS CROMOSOMICAS",2383,1345,1037,1,1044,792,1,88,78,0,50,45,0,100,64,0,43,38,0,17,19,0,3,1,0,0,0,0,0,0,0
616 RESIDUO,4853,1854,2999,0,37,38,0,35,34,0,58,47,0,269,481,0,352,575,0,710,981,0,377,808,0,16,35,0,0,0,0
"700 SINTOMAS, SIGNOS Y AFECCIONES MAL DEFINIDAS",3620,2024,1574,22,116,55,0,28,26,0,24,16,0,335,185,5,405,209,5,620,493,4,473,547,2,23,43,4,0,0,2
,,,,,,,,,,,,,,,,,,,,,,,,,,,,,,,
Fuente: DANE - Estadísticas Vitales,,,,,,,,,,,,,,,,,,,,,,,,,,,,,,,
